rank,accuracy,error,level,folds,level_0,level_1,level_2,level_3,level_4,level_5,level_6,level_7,level_8,level_9,level_10,iteration
0.8212222222222222,0.12,0.19385555555555548,0,0,1.0,,,,,,,,,,,10
0.8212222222222222,0.12,0.19385555555555548,1,0,1.0,0.0,,,,,,,,,,10
0.8212222222222222,0.12,0.19385555555555548,2,0,1.0,0.0,0.0,,,,,,,,,10
0.8212222222222222,0.12,0.19385555555555548,3,0,1.0,0.0,0.0,0.0,,,,,,,,10
0.8212222222222222,0.12,0.19385555555555548,4,0,1.0,0.0,0.0,0.0,0.0,,,,,,,10
0.8212222222222222,0.12,0.19385555555555548,5,0,1.0,0.0,0.0,0.0,0.0,0.0,,,,,,10
0.8212222222222222,0.12,0.19385555555555548,6,0,1.0,0.0,0.0,0.0,0.0,0.0,0.0,,,,,10
0.8212222222222222,0.12,0.19385555555555548,7,0,1.0,0.0,0.0,0.0,0.0,0.0,0.0,0.0,,,,10
0.8212222222222222,0.12,0.19385555555555548,8,0,1.0,0.0,0.0,0.0,0.0,0.0,0.0,0.0,0.0,,,10
0.8212222222222222,0.12,0.19385555555555548,9,0,1.0,0.0,0.0,0.0,0.0,0.0,0.0,0.0,0.0,0.0,,10
0.8212222222222222,0.12,0.19385555555555548,10,0,1.0,0.0,0.0,0.0,0.0,0.0,0.0,0.0,0.0,0.0,0.0,10
0.8254333333333337,0.13333333333333333,0.2145999999999999,0,1,1.0,,,,,,,,,,,10
0.8254333333333337,0.13333333333333333,0.2145999999999999,1,1,1.0,0.0,,,,,,,,,,10
0.8254333333333337,0.13333333333333333,0.2145999999999999,2,1,1.0,0.0,0.0,,,,,,,,,10
0.8254333333333337,0.13333333333333333,0.2145999999999999,3,1,1.0,0.0,0.0,0.0,,,,,,,,10
0.8254333333333337,0.13333333333333333,0.2145999999999999,4,1,1.0,0.0,0.0,0.0,0.0,,,,,,,10
0.8254333333333337,0.13333333333333333,0.2145999999999999,5,1,1.0,0.0,0.0,0.0,0.0,0.0,,,,,,10
0.8254333333333337,0.13333333333333333,0.2145999999999999,6,1,1.0,0.0,0.0,0.0,0.0,0.0,0.0,,,,,10
0.8254333333333337,0.13333333333333333,0.2145999999999999,7,1,1.0,0.0,0.0,0.0,0.0,0.0,0.0,0.0,,,,10
0.8254333333333337,0.13333333333333333,0.2145999999999999,8,1,1.0,0.0,0.0,0.0,0.0,0.0,0.0,0.0,0.0,,,10
0.8254333333333337,0.13333333333333333,0.2145999999999999,9,1,1.0,0.0,0.0,0.0,0.0,0.0,0.0,0.0,0.0,0.0,,10
0.8254333333333337,0.13333333333333333,0.2145999999999999,10,1,1.0,0.0,0.0,0.0,0.0,0.0,0.0,0.0,0.0,0.0,0.0,10
